url	status	kind	reason	file	src_text_chars	md_text_chars	missing_runs	title
https://simplifier.net/guide/miiigmodulconsent/MIIIGModulConsent?version=2026.0.0	harvested	narrative		migration-log/guide-harvest/pagecontent/index.md	2806	4667	0	Kerndatensatz-Modul Consent
https://simplifier.net/guide/miiigmodulconsent/MIIIGModulConsent/Release-Notes?version=2026.0.0	harvested	narrative		migration-log/guide-harvest/pagecontent/release-notes.md	3662	4124	0	Release Notes
https://simplifier.net/guide/miiigmodulconsent/MIIIGModulConsent/Beschreibung-Modul-Consent?version=2026.0.0	harvested	narrative		migration-log/guide-harvest/pagecontent/beschreibung-modul-consent.md	680	1168	0	Beschreibung Modul Consent
https://simplifier.net/guide/miiigmodulconsent/MIIIGModulConsent/KontextimGesamtprojektBezgezuanderenModulen?version=2026.0.0	harvested	narrative		migration-log/guide-harvest/pagecontent/kontextimgesamtprojektbezgezuanderenmodulen.md	858	1094	0	Kontext im Gesamtprojekt / Bezüge zu anderen Modulen
https://simplifier.net/guide/miiigmodulconsent/MIIIGModulConsent/Referenzen?version=2026.0.0	harvested	narrative		migration-log/guide-harvest/pagecontent/referenzen.md	613	1083	0	Referenzen
https://simplifier.net/guide/miiigmodulconsent/MIIIGModulConsent/AnwendungsflleInformationsmodell?version=2026.0.0	harvested	narrative		migration-log/guide-harvest/pagecontent/anwendungsflleinformationsmodell.md	81	84	0	Anwendungsfälle / Informationsmodell
https://simplifier.net/guide/miiigmodulconsent/MIIIGModulConsent/AnwendungsflleInformationsmodell/BeschreibungvonSzenarienfrdieAnwendungdesModuls?version=2026.0.0	harvested	narrative		migration-log/guide-harvest/pagecontent/anwendungsflleinformationsmodell-beschreibungvonszenarienfrdieanwendungdesmoduls.md	1407	1640	0	Beschreibung von Szenarien für die Anwendung des Moduls
https://simplifier.net/guide/miiigmodulconsent/MIIIGModulConsent/AnwendungsflleInformationsmodell/Datenstzeinkl.Beschreibungen?version=2026.0.0	harvested	narrative		migration-log/guide-harvest/pagecontent/anwendungsflleinformationsmodell-datenstzeinkl.beschreibungen.md	384	604	0	Datensätze inkl. Beschreibungen
https://simplifier.net/guide/miiigmodulconsent/MIIIGModulConsent/AnwendungsflleInformationsmodell/UML?version=2026.0.0	harvested	narrative		migration-log/guide-harvest/pagecontent/anwendungsflleinformationsmodell-uml.md	1861	2913	0	UML
https://simplifier.net/guide/miiigmodulconsent/MIIIGModulConsent/AnwendungsflleInformationsmodell/Fragebgen?version=2026.0.0	harvested	narrative		migration-log/guide-harvest/pagecontent/anwendungsflleinformationsmodell-fragebgen.md	2094	3293	0	Fragebögen
https://simplifier.net/guide/miiigmodulconsent/MIIIGModulConsent/TechnischeImplementierung?version=2026.0.0	harvested	narrative		migration-log/guide-harvest/pagecontent/technischeimplementierung.md	731	773	0	Technische Implementierung
https://simplifier.net/guide/miiigmodulconsent/MIIIGModulConsent/TechnischeImplementierung/FHIRProfile?version=2026.0.0	harvested	narrative		migration-log/guide-harvest/pagecontent/technischeimplementierung-fhirprofile.md	760	895	0	FHIR Profile
https://simplifier.net/guide/miiigmodulconsent/MIIIGModulConsent/TechnischeImplementierung/FHIRProfile/Consent?version=2026.0.0	harvested	artefact-view		migration-log/guide-harvest/pagecontent/technischeimplementierung-fhirprofile-consent.md	239875	423755	8	Consent
https://simplifier.net/guide/miiigmodulconsent/MIIIGModulConsent/TechnischeImplementierung/FHIRProfile/Provenance?version=2026.0.0	harvested	artefact-view		migration-log/guide-harvest/pagecontent/technischeimplementierung-fhirprofile-provenance.md	73477	102418	4	Provenance
https://simplifier.net/guide/miiigmodulconsent/MIIIGModulConsent/TechnischeImplementierung/FHIRProfile/DocumentReference?version=2026.0.0	harvested	artefact-view		migration-log/guide-harvest/pagecontent/technischeimplementierung-fhirprofile-documentreference.md	74149	101637	2	DocumentReference
https://simplifier.net/guide/miiigmodulconsent/MIIIGModulConsent/TechnischeImplementierung/FHIRProfile/WeitererelevanteProfile?version=2026.0.0	harvested	narrative		migration-log/guide-harvest/pagecontent/technischeimplementierung-fhirprofile-weitererelevanteprofile.md	892	1959	0	Weitere relevante Profile
https://simplifier.net/guide/miiigmodulconsent/MIIIGModulConsent/TechnischeImplementierung/FHIRProfile/Empfehlungen-zur-praktischen-Anwendung?version=2026.0.0	harvested	narrative		migration-log/guide-harvest/pagecontent/technischeimplementierung-fhirprofile-empfehlungen-zur-praktischen-anwendung.md	2960	3440	0	Empfehlungen zur praktischen Anwendung
https://simplifier.net/guide/miiigmodulconsent/MIIIGModulConsent/TechnischeImplementierung/Terminologien?version=2026.0.0	harvested	artefact-view		migration-log/guide-harvest/pagecontent/technischeimplementierung-terminologien.md	30045	22255	8	Terminologien
