# source_page	target	reason	branch	measure
# page-map v2 - GENERATED by page-structure-advice.py v1.3.0; the Markdown report is its rendering.
# REVIEWED 2026-08-31 by the operating agent (Gate B sign-off stays human): 10 [MAP-EDIT] rows below, generator rows otherwise unchanged.
# branch: spec 9e routing branch 1-4; 5 = RETIRED (non-authoritative guide tree, not migrated).
index.md	input/pagecontent/index.md	an agreed page already owns the concern	3	agreed page named 'index' exists in the target
release-notes.md	input/pagecontent/changes.md	semantic home per references/routing-table.tsv	3	semantic match 'releasenotes' -> changes (routing-table)
beschreibung-modul-consent.md	input/pagecontent/index.md	semantic home per references/routing-table.tsv	3	semantic match 'beschreibungmodul' -> index (routing-table)
kontextimgesamtprojektbezgezuanderenmodulen.md	input/pagecontent/implementer-guidance.md	semantic home per references/routing-table.tsv	3	semantic match 'kontextimgesamtprojekt' -> implementer-guidance (routing-table)
referenzen.md	input/pagecontent/implementer-guidance.md	semantic home per references/routing-table.tsv	3	semantic match 'referenzen' -> implementer-guidance (routing-table)
anwendungsflleinformationsmodell.md	input/pagecontent/logical-models.md	semantic home per references/routing-table.tsv	3	semantic match 'informationsmodell' -> logical-models (routing-table)
anwendungsflleinformationsmodell-beschreibungvonszenarienfrdieanwendungdesmoduls.md	input/pagecontent/guidance.md	semantic home per references/routing-table.tsv	3	semantic match 'szenarien' -> guidance (routing-table)
anwendungsflleinformationsmodell-datenstzeinkl.beschreibungen.md	input/pagecontent/logical-models.md	[MAP-EDIT] spec 9a: datasets-and-descriptions is a MENU LINK to logical-models, never an own page; content re-routes there	3	reviewed 2026-08-31; menu Datensaetze und Beschreibungen -> logical-models.html (template menu.xml)
anwendungsflleinformationsmodell-uml.md	input/pagecontent/uml-diagrams.md	semantic home per references/routing-table.tsv	3	semantic match 'uml' -> uml-diagrams (routing-table)
anwendungsflleinformationsmodell-fragebgen.md	input/pagecontent/frageboegen.md	[MAP-EDIT] own page kept (branch 4) but clean transliterated slug frageboegen (generator slug fragebgen was umlaut-stripped); pages:-nested under guidance.md, no menu entry (budget)	4	reviewed 2026-08-31; 309 words, self-contained Fragebogen content
technischeimplementierung.md	input/pagecontent/implementer-guidance.md	[MAP-EDIT] spec 9a semantic home: folder-node intro prose on technical implementation joins Anleitung fuer Implementierende; its 2 children route independently (profiles pages + code-systems)	3	reviewed 2026-08-31; 132 words intro prose, no hub needed once children route elsewhere
technischeimplementierung-fhirprofile.md	input/pagecontent/profiles.md	[MAP-EDIT] the profile-family overview belongs on the agreed profiles page (routing-table gap: key fhirprofile unmatched)	3	reviewed 2026-08-31; 135 words overview + profile table
technischeimplementierung-fhirprofile-consent.md	input/intro-notes/StructureDefinition-e0e166b4-0f77-478d-9062-de0034d98ce0-intro.md	[MAP-EDIT] branch 1: profile narrative renders atop the artifact page (advice run measured 0 artefacts - census gap, artefacts exist: 3 SDs); SPLIT recorded: sections Suchparameter+Komplexere Beispiele -> input/pagecontent/search-parameters.md, section Beispielhafte Consent-Ressourcen -> input/pagecontent/examples.md; rendered Darstellung tree DROPPED (artefact-view, regenerated by the publisher)	1	reviewed 2026-08-31; profile id e0e166b4-0f77-478d-9062-de0034d98ce0 (mii-pr-consent-einwilligung)
technischeimplementierung-fhirprofile-provenance.md	input/intro-notes/StructureDefinition-f675b1e8-9f3f-44e8-bb59-9681f78eb464-intro.md	[MAP-EDIT] branch 1 (same census gap); SPLIT: section Beispiele -> input/pagecontent/examples.md; Darstellung tree DROPPED (artefact-view)	1	reviewed 2026-08-31; profile id f675b1e8-9f3f-44e8-bb59-9681f78eb464 (mii-pr-consent-provenance)
technischeimplementierung-fhirprofile-documentreference.md	input/intro-notes/StructureDefinition-56375452-bfa1-4111-af7c-5b5ba9a1857c-intro.md	[MAP-EDIT] branch 1 (same census gap); SPLIT: section Beispiele -> input/pagecontent/examples.md; Darstellung tree DROPPED (artefact-view)	1	reviewed 2026-08-31; profile id 56375452-bfa1-4111-af7c-5b5ba9a1857c (mii-pr-consent-documentreference)
technischeimplementierung-fhirprofile-weitererelevanteprofile.md	input/pagecontent/profiles.md	[MAP-EDIT] merged as section "Weitere relevante Profile" on the profiles page (pointer content, no own page warranted)	3	reviewed 2026-08-31; 171 words of pointers to related external profiles
technischeimplementierung-fhirprofile-empfehlungen-zur-praktischen-anwendung.md	input/pagecontent/implementer-guidance.md	[MAP-EDIT] content is implementer/DIZ-oriented (FHIR-server ResultType behaviour, gICS sites, FDPG, DIZ-Dashboard) -> Anleitung fuer Implementierende; researcher-guidance consequently REMOVED (D-10: no researcher narrative exists)	3	reviewed 2026-08-31; audience evidence quoted in run.log 5.4a
technischeimplementierung-terminologien.md	input/pagecontent/code-systems.md	semantic home per references/routing-table.tsv; [MAP-EDIT-NOTE] SPLIT: section ValueSets -> input/pagecontent/value-sets.md, section CodeSysteme stays here; rendered term trees DROPPED (artefact-view)	3	reviewed 2026-08-31; 2580 words incl. rendered material
