page	class	detail
de/CapabilityStatement-mii-cap-consent-server.html	broken-local-link	CapabilityStatement-mii-cap-consent-server.ttl.html
de/SearchParameter-mii-sp-consent-policyuri.html	broken-local-link	SearchParameter-mii-sp-consent-policyuri.ttl.html
de/SearchParameter-mii-sp-consent-provisioncode.html	broken-local-link	SearchParameter-mii-sp-consent-provisioncode.ttl.html
de/SearchParameter-mii-sp-consent-provisioncodeperiod.html	broken-local-link	SearchParameter-mii-sp-consent-provisioncodeperiod.ttl.html
de/SearchParameter-mii-sp-consent-provisioncodetype.html	broken-local-link	SearchParameter-mii-sp-consent-provisioncodetype.ttl.html
de/SearchParameter-mii-sp-consent-provisionperiod.html	broken-local-link	SearchParameter-mii-sp-consent-provisionperiod.ttl.html
de/SearchParameter-mii-sp-consent-provisiontype.html	broken-local-link	SearchParameter-mii-sp-consent-provisiontype.ttl.html
de/searchform.html	liquid-residue	{{title}}
de/searchform.html	broken-local-link	history.html
de/searchform.html	broken-local-link	../license.html
en/CapabilityStatement-mii-cap-consent-server.html	broken-local-link	CapabilityStatement-mii-cap-consent-server.ttl.html
en/SearchParameter-mii-sp-consent-policyuri.html	broken-local-link	SearchParameter-mii-sp-consent-policyuri.ttl.html
en/SearchParameter-mii-sp-consent-provisioncode.html	broken-local-link	SearchParameter-mii-sp-consent-provisioncode.ttl.html
en/SearchParameter-mii-sp-consent-provisioncodeperiod.html	broken-local-link	SearchParameter-mii-sp-consent-provisioncodeperiod.ttl.html
en/SearchParameter-mii-sp-consent-provisioncodetype.html	broken-local-link	SearchParameter-mii-sp-consent-provisioncodetype.ttl.html
en/SearchParameter-mii-sp-consent-provisionperiod.html	broken-local-link	SearchParameter-mii-sp-consent-provisionperiod.ttl.html
en/SearchParameter-mii-sp-consent-provisiontype.html	broken-local-link	SearchParameter-mii-sp-consent-provisiontype.ttl.html
en/searchform.html	liquid-residue	{{title}}
en/searchform.html	broken-local-link	history.html
en/searchform.html	broken-local-link	../license.html
qa-ipreview.html	broken-local-link	../qa.html
searchform.html	broken-local-link	history.html
searchform.html	broken-local-link	../license.html
