Source File	Size	loadResources	load	generateSnapshots	load-configure	scan	loadDepInfo	loadInfo	checkR4R4B	generateNarratives	validate	loadLists	checkConformanceResources	checkConformanceResources2	checkConformanceResources3	generateLogicalMaps	validateExpressions	scanForUsageStats	checkURLsUnique	processProvenanceDetails	translate	generate1	generate2	generateLogicals	makeDependencies	generateExampleZip	generateValidationPack	scanProfilesForR5	scanExamplesForR5
/fsh-generated/resources/ImplementationGuide-mii-ig-consent.json	21315	-	0	0	0	0	0	0	17	135	0	0	0	0	0	0	0	1	0	0	24	188	341	0	0	0	6	0	1
fsh-generated/resources/CapabilityStatement-mii-cap-consent-server.json	3125	5	0	0	2	0	1	1	0	20	0	0	0	0	0	0	0	0	0	0	7	53	60	0	0	0	1	0	0
fsh-generated/resources/CodeSystem-2.16.840.1.113883.3.1937.777.24.5.2--20210423105554.json	2858	4	0	0	0	0	0	0	1	10	0	0	0	0	0	0	0	0	0	0	7	25	144	0	0	0	0	0	0
fsh-generated/resources/CodeSystem-2.16.840.1.113883.3.1937.777.24.5.3--20251211153003.json	33557	18	0	0	0	0	0	0	5	37	0	0	1	0	0	0	0	1	0	0	9	224	401	0	0	0	4	0	1
fsh-generated/resources/CodeSystem-mii-cs-consent-version-modules.json	18963	10	0	0	0	0	0	0	2	19	0	0	0	0	0	0	0	1	0	0	8	85	183	0	0	0	2	0	0
fsh-generated/resources/Consent-34150a23-b1c8-404f-874f-e042a30435d2.json	5091	6	0	0	0	0	0	0	1	350	0	0	0	0	0	0	0	0	0	0	6	75	99	0	0	0	0	0	0
fsh-generated/resources/Consent-5143266b-8d60-4b28-8ee9-635140ffa5bb.json	15158	9	0	0	0	0	0	0	1	35	0	0	0	0	0	0	0	0	0	0	7	190	77	0	0	0	0	0	0
fsh-generated/resources/Consent-89f494a3-cd75-44f5-a78a-581dfdd47a94.json	4600	5	0	0	0	0	0	0	0	8	0	0	0	0	0	0	0	0	0	0	6	55	45	0	0	0	0	0	0
fsh-generated/resources/Consent-Example-MII-Consent-ResultType-document.json	4602	3	0	0	0	0	0	0	1	7	0	0	0	0	0	0	0	0	0	0	6	52	45	0	0	0	0	0	0
fsh-generated/resources/DocumentReference-8a3d1799-2463-405e-b49c-6a16c8692b01.json	628	2	0	0	0	0	0	0	0	209	0	0	0	0	0	0	0	0	0	0	6	11	33	0	0	0	0	0	0
fsh-generated/resources/Provenance-55219d12-6245-4de4-8b50-ddf6f16a789b.json	1800	3	0	0	0	0	0	0	0	74	0	0	0	0	0	0	0	0	0	0	6	12	41	0	0	0	0	0	0
fsh-generated/resources/SearchParameter-mii-sp-consent-policyuri.json	560	1	0	0	0	0	0	0	0	6	0	0	0	0	0	0	0	0	0	0	5	13	25	0	0	0	1	0	0
fsh-generated/resources/SearchParameter-mii-sp-consent-provisioncode.json	560	1	0	0	0	0	0	0	1	3	0	0	0	0	0	0	0	0	0	0	5	11	26	0	0	0	0	0	0
fsh-generated/resources/SearchParameter-mii-sp-consent-provisioncodeperiod.json	977	1	0	0	0	0	0	0	0	4	0	0	0	0	0	0	0	0	0	0	6	14	23	0	0	0	0	0	0
fsh-generated/resources/SearchParameter-mii-sp-consent-provisioncodetype.json	958	2	0	0	0	0	0	0	0	3	0	0	0	0	0	0	0	0	0	0	5	15	23	0	0	0	1	0	0
fsh-generated/resources/SearchParameter-mii-sp-consent-provisionperiod.json	669	1	0	0	1	0	0	0	0	3	0	0	0	0	0	0	0	0	0	0	5	13	20	0	0	0	0	0	0
fsh-generated/resources/SearchParameter-mii-sp-consent-provisiontype.json	575	1	0	0	0	0	0	0	0	3	0	0	0	0	0	0	0	0	0	0	6	11	21	0	0	0	0	0	0
fsh-generated/resources/StructureDefinition-mii-pr-consent-documentreference.json	1043	2	0	77	0	0	0	0	0	41	0	0	1	0	0	0	0	2	0	0	1	228	1349	0	0	0	6	1	1
fsh-generated/resources/StructureDefinition-mii-pr-consent-einwilligung.json	11578	10	0	279	0	0	0	0	1	159	0	0	1	0	0	0	0	3	0	0	1	891	2292	0	0	0	23	0	1
fsh-generated/resources/StructureDefinition-mii-pr-consent-provenance.json	1412	3	0	71	0	0	0	0	0	27	0	0	0	0	0	0	0	1	0	0	1	200	524	0	0	0	7	0	1
fsh-generated/resources/ValueSet-mii-vs-consent-answer.json	4199	4	0	0	0	0	0	0	0	49	0	0	0	0	0	0	0	0	0	0	5	17	116	0	0	0	1	0	0
fsh-generated/resources/ValueSet-mii-vs-consent-policy.json	3668	2	0	0	15	0	0	0	0	4	0	0	0	0	0	0	0	0	0	0	5	12	209	0	0	0	1	0	0
fsh-generated/resources/ValueSet-mii-vs-consent-signaturetypes.json	1579	1	0	0	0	0	0	0	1	7	0	0	0	0	0	0	0	0	0	0	5	12	79	0	0	0	0	0	0
input/resources/Parameters-expansion-manifest.json	512	2	0	0	0	0	0	0	0	1	0	0	0	0	0	0	0	0	0	0	4	13	2688	0	0	0	0	0	0
/input/includes/menu.xml	3563	-	-	-	0	0	0	0	0	0	0	0	0	0	0	0	0	0	0	0	0	0	1	0	0	0	0	0	0
/fsh-generated/includes/fsh-link-references.md	1943	-	-	-	0	0	0	0	0	0	0	0	0	0	0	0	0	0	0	0	0	0	1	0	0	0	0	0	0
/input/intro-notes/StructureDefinition-mii-pr-consent-provenance-intro.md	1674	-	-	-	0	0	0	0	0	0	0	0	0	0	0	0	0	0	0	0	0	0	0	0	0	0	0	0	0
/input/intro-notes/StructureDefinition-mii-pr-consent-documentreference-intro.md	1328	-	-	-	0	0	0	0	0	0	0	0	0	0	0	0	0	0	0	0	0	0	1	0	0	0	0	0	0
/input/intro-notes/StructureDefinition-mii-pr-consent-einwilligung-intro.md	15235	-	-	-	0	0	0	0	0	0	0	0	0	0	0	0	0	0	0	0	0	0	1	0	0	0	0	0	0
/input/pagecontent/logical-models.md	1434	-	-	-	0	0	0	0	0	0	0	0	0	0	0	0	0	0	0	0	0	0	1	0	0	0	0	0	0
/input/pagecontent/examples.md	1813	-	-	-	0	0	0	0	0	0	0	0	0	0	0	0	0	0	0	0	0	0	0	0	0	0	0	0	0
/input/pagecontent/changes.md	14668	-	-	-	0	0	0	0	0	0	0	0	0	0	0	0	0	0	0	0	0	0	2	0	0	0	0	0	0
/input/pagecontent/guidance.md	3354	-	-	-	0	0	0	0	0	0	0	0	0	0	0	0	0	0	0	0	0	0	0	0	0	0	0	0	0
/input/pagecontent/code-systems.md	26555	-	-	-	0	0	0	0	0	0	0	0	0	0	0	0	0	0	0	0	0	0	3	0	0	0	0	0	0
/input/pagecontent/profiles.md	3526	-	-	-	0	0	0	0	0	0	0	0	0	0	0	0	0	0	0	0	0	0	1	0	0	0	0	0	0
/input/pagecontent/search-parameters.md	7653	-	-	-	0	0	0	0	0	0	0	0	0	0	0	0	0	0	0	0	0	0	0	0	0	0	0	0	0
/input/pagecontent/index.md	4708	-	-	-	0	0	0	0	0	0	0	0	0	0	0	0	0	0	0	0	0	0	1	0	0	0	0	0	0
/input/pagecontent/value-sets.md	1620	-	-	-	0	0	0	0	0	0	0	0	0	0	0	0	0	0	0	0	0	0	0	0	0	0	0	0	0
/input/pagecontent/translationinfo.md	1260	-	-	-	0	0	0	0	0	0	0	0	0	0	0	0	0	0	0	0	0	0	0	0	0	0	0	0	0
/input/pagecontent/downloads.md	2860	-	-	-	0	0	0	0	0	0	0	0	0	0	0	0	0	0	0	0	0	0	1	0	0	0	0	0	0
/input/pagecontent/ImplementationGuide-mii-ig-consent.md	3346	-	-	-	0	0	0	0	0	0	0	0	0	0	0	0	0	0	0	0	0	0	0	0	0	0	0	0	0
/input/pagecontent/security-and-privacy.md	4362	-	-	-	0	0	0	0	0	0	0	0	0	0	0	0	0	0	0	0	0	0	0	0	0	0	0	0	0
/input/pagecontent/implementer-guidance.md	7286	-	-	-	0	0	0	0	0	0	0	0	0	0	0	0	0	0	0	0	0	0	1	0	0	0	0	0	0
/input/pagecontent/version-history.md	4678	-	-	-	0	0	0	0	0	0	0	0	0	0	0	0	0	0	0	0	0	0	0	0	0	0	0	0	0
/input/pagecontent/uml-diagrams.md	2993	-	-	-	0	0	0	0	0	0	0	0	0	0	0	0	0	0	0	0	0	0	0	0	0	0	0	0	0
/input/pagecontent/capability-statements.md	774	-	-	-	0	0	0	0	0	0	0	0	0	0	0	0	0	0	0	0	0	0	1	0	0	0	0	0	0
/input/pagecontent/frageboegen.md	3587	-	-	-	0	0	0	0	0	0	0	0	0	0	0	0	0	0	0	0	0	0	0	0	0	0	0	0	0
/input/intro-notes	0	-	-	-	0	0	0	0	0	0	0	0	0	0	0	0	0	0	0	0	0	0	0	0	0	0	0	0	0
/input/intro-notes/StructureDefinition-mii-pr-consent-provenance-intro.md	1674	-	-	-	0	0	0	0	0	0	0	0	0	0	0	0	0	0	0	0	0	0	0	0	0	0	0	0	0
/input/intro-notes/StructureDefinition-mii-pr-consent-documentreference-intro.md	1328	-	-	-	0	0	0	0	0	0	0	0	0	0	0	0	0	0	0	0	0	0	1	0	0	0	0	0	0
/input/intro-notes/StructureDefinition-mii-pr-consent-einwilligung-intro.md	15235	-	-	-	0	0	0	0	0	0	0	0	0	0	0	0	0	0	0	0	0	0	0	0	0	0	0	0	0
/template/config	0	-	-	-	0	0	0	0	0	0	0	0	0	0	0	0	0	0	0	0	0	0	0	0	0	0	0	0	0
/template/config/_config.yml	140	-	-	-	0	0	0	0	0	0	0	0	0	0	0	0	0	0	0	0	0	0	1	0	0	0	0	0	0
/input/images	0	-	-	-	0	0	0	0	0	0	0	0	0	0	0	0	0	0	0	0	0	0	0	0	0	0	0	0	0
/input/images/MII-KDS_de_Consent.jpg	66706	-	-	-	0	0	0	0	0	0	0	0	0	0	0	0	0	0	0	0	0	0	0	0	0	0	0	0	0
/input/images/information-model_UML-Diagramm_MII-spez.png	303255	-	-	-	0	0	0	0	0	0	0	0	0	0	0	0	0	0	0	0	0	0	1	0	0	0	0	0	0
/temp/pages/_includes/artifacts.xml	19078	-	-	-	-	-	-	-	-	-	-	-	-	-	-	-	-	-	-	-	-	-	1	0	0	0	0	0	0
