URL,Version,Status,OIDs,Name,Title,Description,Uses,Used,Sources
http://hl7.org/fhir/ValueSet/c80-doc-typecodes,4.0.1,active,"2.16.840.1.113883.3.88.12.80.47",DocumentTypeValueSet,Document Type Value Set,"This is the code specifying the precise type of document (e.g. Pulmonary History and  Physical, Discharge Summary, Ultrasound Report, etc.). The Document Type value set includes all LOINC  values listed in HITSP C80 Table 2-144 Document Class Value Set Definition above used for Document Class,  and all LOINC values whose SCALE is DOC in the LOINC database.","StructureDefinition/56375452-bfa1-4111-af7c-5b5ba9a1857c","LOINC"
http://hl7.org/fhir/ValueSet/c80-facilitycodes,4.0.1,active,"2.16.840.1.113883.3.88.12.80.67",FacilityTypeCodeValueSet,Facility Type Code Value Set,"This is the code representing the type of organizational setting where the clinical encounter, service, interaction, or treatment occurred. The value set used for Healthcare Facility Type has been defined by HITSP to be the value set reproduced from HITSP C80 Table 2-147.","StructureDefinition/56375452-bfa1-4111-af7c-5b5ba9a1857c","SCT"
http://hl7.org/fhir/ValueSet/c80-practice-codes,4.0.1,active,"2.16.840.1.113883.3.88.12.80.72",PracticeSettingCodeValueSet,Practice Setting Code Value Set,"This is the code representing the clinical specialty of the clinician or provider who interacted with, treated, or provided a service to/for the patient. The value set used for clinical specialty has been limited by HITSP to the value set reproduced from HITSP C80 Table 2-149 Clinical Specialty Value Set Definition.","StructureDefinition/56375452-bfa1-4111-af7c-5b5ba9a1857c","SCT"
http://hl7.org/fhir/ValueSet/common-tags,4.0.1,draft,"2.16.840.1.113883.4.642.3.79",CommonTags,Common Tags,"Common Tag Codes defined by FHIR project","StructureDefinition/e0e166b4-0f77-478d-9062-de0034d98ce0","THO"
http://hl7.org/fhir/ValueSet/composition-status,4.0.1,draft,"2.16.840.1.113883.4.642.3.241",CompositionStatus,CompositionStatus,"The workflow/clinical status of the composition.","StructureDefinition/56375452-bfa1-4111-af7c-5b5ba9a1857c","hl7.fhir.r4.core"
http://hl7.org/fhir/ValueSet/consent-action,4.0.1,draft,"2.16.840.1.113883.4.642.3.753",ConsentActionCodes,Consent Action Codes,"This value set includes sample Consent Action codes.","StructureDefinition/e0e166b4-0f77-478d-9062-de0034d98ce0","THO"
http://hl7.org/fhir/ValueSet/consent-category,4.0.1,draft,"2.16.840.1.113883.4.642.3.751",ConsentCategoryCodes,Consent Category Codes,"This value set includes sample Consent Directive Type codes, including several consent directive related LOINC codes; HL7 VALUE SET: ActConsentType(2.16.840.1.113883.1.11.19897); examples of US realm consent directive legal descriptions and references to online and/or downloadable forms such as the SSA-827 Authorization to Disclose Information to the Social Security Administration; and other anticipated consent directives related to participation in a clinical trial, medical procedures, reproductive procedures; health care directive (Living Will); advance directive, do not resuscitate (DNR); Physician Orders for Life-Sustaining Treatment (POLST)","StructureDefinition/e0e166b4-0f77-478d-9062-de0034d98ce0","LOINC,THO"
http://hl7.org/fhir/ValueSet/consent-content-class,4.0.1,draft,"2.16.840.1.113883.4.642.3.747",ConsentContentClass,Consent Content Class,"This value set includes the FHIR resource types, along with some other important content class codes","StructureDefinition/e0e166b4-0f77-478d-9062-de0034d98ce0","hl7.fhir.r4.core,Other"
http://hl7.org/fhir/ValueSet/consent-content-code,4.0.1,draft,"2.16.840.1.113883.4.642.3.748",ConsentContentCodes,Consent Content Codes,"This example value set contains all LOINC code","StructureDefinition/e0e166b4-0f77-478d-9062-de0034d98ce0","LOINC"
http://hl7.org/fhir/ValueSet/consent-data-meaning,4.0.1,draft,"2.16.840.1.113883.4.642.3.759",ConsentDataMeaning,ConsentDataMeaning,"How a resource reference is interpreted when testing consent restrictions.","StructureDefinition/e0e166b4-0f77-478d-9062-de0034d98ce0","hl7.fhir.r4.core"
http://hl7.org/fhir/ValueSet/consent-policy,4.0.1,draft,"2.16.840.1.113883.4.642.3.1014",ConsentPolicyRuleCodes,Consent PolicyRule Codes,"This value set includes sample Regulatory consent policy types from the US and other regions.","StructureDefinition/e0e166b4-0f77-478d-9062-de0034d98ce0","THO"
http://hl7.org/fhir/ValueSet/consent-provision-type,4.0.1,draft,"2.16.840.1.113883.4.642.3.757",ConsentProvisionType,ConsentProvisionType,"How a rule statement is applied, such as adding additional consent or removing consent.","StructureDefinition/e0e166b4-0f77-478d-9062-de0034d98ce0","hl7.fhir.r4.core"
http://hl7.org/fhir/ValueSet/consent-scope,4.0.1,draft,"2.16.840.1.113883.4.642.3.761",ConsentScopeCodes,Consent Scope Codes,"This value set includes the four Consent scope codes.","StructureDefinition/e0e166b4-0f77-478d-9062-de0034d98ce0","THO"
http://hl7.org/fhir/ValueSet/consent-state-codes,4.0.1,draft,"2.16.840.1.113883.4.642.3.755",ConsentState,ConsentState,"Indicates the state of the consent.","StructureDefinition/e0e166b4-0f77-478d-9062-de0034d98ce0","hl7.fhir.r4.core"
http://hl7.org/fhir/ValueSet/document-classcodes,4.0.1,active,"2.16.840.1.113883.3.88.12.80.46",DocumentClassValueSet,Document Class Value Set,"This is the code specifying the high-level kind of document (e.g. Prescription, Discharge Summary, Report, etc.). Note: Class code for documents comes from LOINC, and is based upon one of the following:The type of service described by the document. It is described at a very high level in Section 7.3 of the LOINC Manual. The type study performed. It was determined by identifying modalities for study reports. The section of the chart where the document is placed. It was determined from the SETs created for Claims Attachment requests.","StructureDefinition/56375452-bfa1-4111-af7c-5b5ba9a1857c","LOINC"
http://hl7.org/fhir/ValueSet/document-reference-status,4.0.1,draft,"2.16.840.1.113883.4.642.3.7",DocumentReferenceStatus,DocumentReferenceStatus,"The status of the document reference.","StructureDefinition/56375452-bfa1-4111-af7c-5b5ba9a1857c","hl7.fhir.r4.core"
http://hl7.org/fhir/ValueSet/document-relationship-type,4.0.1,draft,"2.16.840.1.113883.4.642.3.244",DocumentRelationshipType,DocumentRelationshipType,"The type of relationship between documents.","StructureDefinition/56375452-bfa1-4111-af7c-5b5ba9a1857c","hl7.fhir.r4.core"
http://hl7.org/fhir/ValueSet/formatcodes,4.0.1,active,"1.3.6.1.4.1.19376.1.2.7.1",DocumentReferenceFormatCodeSet,DocumentReference Format Code Set,"The value set is defined to be the set of format codes defined by the IHE Technical Framework, and also including additional format codes defined by the    HL7. The value set is listed in HITSP C80 Table 2-153 Format Code Value Set Definition,    with additions published later by IHE as published    at http://wiki.ihe.net/index.php?title=IHE_Format_Codes   and with additions published later by HL7 as published at https://confluence.hl7.org/display/SD/Format+Codes+for+IHE+XDS.   This is the code specifying the technical format of the document. Along with the typeCode,    it should provide sufficient information to allow any potential document consumer to know    if it will be able to process the document. The code shall be sufficiently specific to    ensure processing/display by identifying a document encoding, structure and template. The actual list of codes here is incomplete","StructureDefinition/56375452-bfa1-4111-af7c-5b5ba9a1857c","Other"
http://hl7.org/fhir/ValueSet/identifier-type,4.0.1,active,"2.16.840.1.113883.4.642.3.45",Identifier Type Codes,IdentifierType,"A coded type for an identifier that can be used to determine which identifier to use for a specific purpose.","StructureDefinition/e0e166b4-0f77-478d-9062-de0034d98ce0","THO (V2)"
http://hl7.org/fhir/ValueSet/identifier-use,4.0.1,active,"2.16.840.1.113883.4.642.3.57",IdentifierUse,IdentifierUse,"Identifies the purpose for this identifier, if known .","StructureDefinition/e0e166b4-0f77-478d-9062-de0034d98ce0","hl7.fhir.r4.core"
http://hl7.org/fhir/ValueSet/languages,4.0.1,draft,"2.16.840.1.113883.4.642.3.20",CommonLanguages,Common Languages,"This value set includes common codes from BCP-47 (http://tools.ietf.org/html/bcp47)","StructureDefinition/f675b1e8-9f3f-44e8-bb59-9681f78eb464,StructureDefinition/e0e166b4-0f77-478d-9062-de0034d98ce0,StructureDefinition/56375452-bfa1-4111-af7c-5b5ba9a1857c","Other"
http://hl7.org/fhir/ValueSet/mimetypes,4.0.1,active,"2.16.840.1.113883.4.642.3.1024",Mime Types,MimeType,"This value set includes all possible codes from BCP-13 (http://tools.ietf.org/html/bcp13)","StructureDefinition/f675b1e8-9f3f-44e8-bb59-9681f78eb464,StructureDefinition/56375452-bfa1-4111-af7c-5b5ba9a1857c","Other"
http://hl7.org/fhir/ValueSet/provenance-activity-type,4.0.1,draft,"2.16.840.1.113883.4.642.3.438",ProvenanceActivityType,Provenance activity type,"This value set contains representative Activity Type codes, which includes codes from the HL7 DocumentCompletion, ActStatus, and DataOperations code system, W3C PROV-DM and PROV-N concepts and display names, several HL7 Lifecycle Event codes for which there are agreed upon definitions, and non-duplicated codes from the HL7 Security and Privacy Ontology Operations codes.","StructureDefinition/f675b1e8-9f3f-44e8-bb59-9681f78eb464","THO (V3)"
http://hl7.org/fhir/ValueSet/provenance-agent-type,4.0.1,draft,"2.16.840.1.113883.4.642.3.1003",ProvenanceParticipantType,Provenance participant type,"The type of participation a provenance participant.","StructureDefinition/f675b1e8-9f3f-44e8-bb59-9681f78eb464","THO"
http://hl7.org/fhir/ValueSet/provenance-entity-role,4.0.1,draft,"2.16.840.1.113883.4.642.3.436",ProvenanceEntityRole,ProvenanceEntityRole,"How an entity was used in an activity.","StructureDefinition/f675b1e8-9f3f-44e8-bb59-9681f78eb464","hl7.fhir.r4.core"
http://hl7.org/fhir/ValueSet/publication-status,4.0.1,active,"2.16.840.1.113883.4.642.3.3",PublicationStatus,PublicationStatus,"The lifecycle status of an artifact.","StructureDefinition/e0e166b4-0f77-478d-9062-de0034d98ce0","hl7.fhir.r4.core"
http://hl7.org/fhir/ValueSet/resource-types,4.0.1,active,"2.16.840.1.113883.4.642.3.27",ResourceType,ResourceType,"One of the resource types defined as part of this version of FHIR.","StructureDefinition/f675b1e8-9f3f-44e8-bb59-9681f78eb464,StructureDefinition/e0e166b4-0f77-478d-9062-de0034d98ce0,StructureDefinition/56375452-bfa1-4111-af7c-5b5ba9a1857c","hl7.fhir.r4.core"
http://hl7.org/fhir/ValueSet/security-labels,4.0.1,active,"2.16.840.1.113883.4.642.3.47",All Security Labels,SecurityLabels,"A single value set for all security labels defined by FHIR.","StructureDefinition/e0e166b4-0f77-478d-9062-de0034d98ce0,StructureDefinition/56375452-bfa1-4111-af7c-5b5ba9a1857c",
http://hl7.org/fhir/ValueSet/security-role-type,4.0.1,draft,"2.16.840.1.113883.4.642.3.978",SecurityRoleType,SecurityRoleType,"This example FHIR value set is comprised of example Actor Type codes, which can be used to value FHIR agents, actors, and other role         elements such as those specified in financial transactions. The FHIR Actor value set is based on    DICOM Audit Message, C402;   ASTM Standard, E1762-95 [2013]; selected codes and          derived actor roles from HL7 RoleClass OID 2.16.840.1.113883.5.110;    HL7 Role Code 2.16.840.1.113883.5.111, including AgentRoleType;          HL7 ParticipationType OID: 2.16.840.1.113883.5.90; and    HL7 ParticipationFunction codes OID: 2.16.840.1.113883.5.88.           This value set includes, by reference, role codes from external code systems: NUCC Health Care Provider Taxonomy OID: 2.16.840.1.113883.6.101;          North American Industry Classification System [NAICS]OID: 2.16.840.1.113883.6.85; IndustryClassificationSystem 2.16.840.1.113883.1.11.16039;          and US Census Occupation Code OID: 2.16.840.1.113883.6.243 for relevant recipient or custodian codes not included in this value set.            If no source is indicated in the definition comments, then these are example FHIR codes.          It can be extended with appropriate roles described by SNOMED as well as those described in the HL7 Role Based Access Control Catalog and the          HL7 Healthcare (Security and Privacy) Access Control Catalog.            In Role-Based Access Control (RBAC), permissions are operations on an object that a user wishes to access. Permissions are grouped into roles.          A role characterizes the functions a user is allowed to perform. Roles are assigned to users. If the user's role has the appropriate permissions          to access an object, then that user is granted access to the object. FHIR readily enables RBAC, as FHIR Resources are object types and the CRUDE          events (the FHIR equivalent to permissions in the RBAC scheme) are operations on those objects.          In Attribute-Based Access Control (ABAC), a user requests to perform operations on objects. That user's access request is granted or denied          based on a set of access control policies that are specified in terms of attributes and conditions. FHIR readily enables ABAC, as instances of          a Resource in FHIR (again, Resources are object types) can have attributes associated with them. These attributes include security tags,          environment conditions, and a host of user and object characteristics, which are the same attributes as those used in ABAC. Attributes help          define the access control policies that determine the operations a user may perform on a Resource (in FHIR) or object (in ABAC). For example,          a tag (or attribute) may specify that the identified Resource (object) is not to be further disclosed without explicit consent from the patient.","StructureDefinition/f675b1e8-9f3f-44e8-bb59-9681f78eb464,StructureDefinition/e0e166b4-0f77-478d-9062-de0034d98ce0","THO (V3),THO,DICOM"
http://terminology.hl7.org/ValueSet/v3-ActCode,3.0.0,active,,ActCode,v3 Code System ActCode,"A code specifying the particular kind of Act that the Act-instance represents within its class.  Constraints:  The kind of Act (e.g. physical examination, serum potassium, inpatient encounter, charge financial transaction, etc.) is specified with a code from one of several, typically external, coding systems.  The coding system will depend on the class of Act, such as LOINC for observations, etc. Conceptually, the Act.code must be a specialization of the Act.classCode. This is why the structure of ActClass domain should be reflected in the superstructure of the ActCode domain and then individual codes or externally referenced vocabularies subordinated under these domains that reflect the ActClass structure. Act.classCode and Act.code are not modifiers of each other but the Act.code concept should really imply the Act.classCode concept. For a negative example, it is not appropriate to use an Act.code ""potassium"" together with and Act.classCode for ""laboratory observation"" to somehow mean ""potassium laboratory observation"" and then use the same Act.code for ""potassium"" together with Act.classCode for ""medication"" to mean ""substitution of potassium"". This mutually modifying use of Act.code and Act.classCode is not permitted.","StructureDefinition/56375452-bfa1-4111-af7c-5b5ba9a1857c","THO (V3)"
http://terminology.hl7.org/ValueSet/v3-PurposeOfUse,3.1.0,active,"2.16.840.1.113883.1.11.20448",PurposeOfUse,PurposeOfUse,"Supports communication of purpose of use at a general level.","StructureDefinition/f675b1e8-9f3f-44e8-bb59-9681f78eb464,StructureDefinition/e0e166b4-0f77-478d-9062-de0034d98ce0","THO (V3)"
https://www.medizininformatik-initiative.de/fhir/modul-consent/ValueSet/mii-vs-consent-answer,2026.0.0,active,"2.16.840.1.113883.3.1937.777.24.11.30",MII_VS_Consent_Answer,MII Consent: Answer ValueSet,"This ValueSet contains the possible answers to the questions of the MII Consent.",,"Internal"
https://www.medizininformatik-initiative.de/fhir/modul-consent/ValueSet/mii-vs-consent-policy,2026.0.0,active,"2.16.840.1.113883.3.1937.777.24.11.36",MiiConsentPolicyValueSet,MII Consent: Policy ValueSet," **Disclaimer**    (Punkte übernommen aus der Policy Liste ([MII SharePoint, TF Consent Umsetzung](https://tmfev.sharepoint.com/:f:/r/sites/tmf/mi-i/Taskforce%20Consent%20Umsetzung/02_Dokumente/Policies?csf=1&web=1&e=C0xLim """"))) 1. Diese Liste fasst erforderliche                     Einwilligungsmodule und zugeordnete Einwilligungspolicies für die technische Abbildung der ""MII Mustertexte Patienteneinwilligung"" in den aktuell verfügbaren Versionen zusammen.  2. Für die Abbildung der Policies im Art Decor werden ausschließlich die Spalten [Policybezeichner], [Bedeutung/Kontext] und [OID] verwendet.  3. Die Formulierung in                     der Spalte [Bedeutung/Kontext] dient ausschließlich administrativen Zwecken und der Verständnisbildung für die jeweilige Policy.  4. Eine Darstellung der jeweiligen Formulierung innerhalb von Formularen oder digitalen Einwilligungsdokumenten ist nicht intendiert.  5. Die Spalte [Weitere Hinweise Enforcement-Seite] nennt zusätzliche                     Randbedingungen, die auf der datenverarbeitenden Seite über die reine Einwilligungsinformation hinaus zu berücksichtigen sind. Die Gewährleistung der Einhaltung dieser weiteren Hinweise geht über den Wirkungsraum der Task Force Consent Umsetzung hinaus.    **Hinweis 1 - Verwendung in FHIR:** Siehe [Implementation Guide](https://ig.fhir.de/einwilligungsmanagement/stable/Consent.html ""consent.provision Hierarchie ist noch in Arbeit"").     **Hinweis 2 - Verwendung in IHE BPPC:**  Um die in diesem ValueSet enthaltenen Codes in IHE BPPC verwenden zu können, ist eine Kombination mit dem [MII Consent: Answer ValueSet](https://art-decor.org/art-decor/decor-valuesets--mide-?id=2.16.840.1.113883.3.1937.777.24.11.30&effectiveDate=2021-03-23T23:45:09&language=de-DE """") möglich (evtl. sogar erforderlich).      Beispiel 1:     Patient hat dem Erheben der IDAT (Policy: 2.16.840.1.113883.3.1937.777.24.5.3.2 ""IDAT_erheben"") zugestimmt:                             2.16.840.1.113883.3.1937.777.24.5.3.2**.1** (.1 wird aus dem [MII Consent: Answer ValueSet](https://art-decor.org/art-decor/decor-valuesets--mide-?id=2.16.840.1.113883.3.1937.777.24.11.30&effectiveDate=2021-03-23T23:45:09&language=de-DE """") angehängt)     Beispiel 2:     2.16.840.1.113883.3.1937.777.24.5.3.4.2                     bedeutet, dass der Patient der Policy IDAT_zusammenfuehren_Dritte nicht zugestimmt hat. ","StructureDefinition/e0e166b4-0f77-478d-9062-de0034d98ce0","Internal"
https://www.medizininformatik-initiative.de/fhir/modul-consent/ValueSet/mii-vs-consent-signaturetypes,2026.0.0,active,,MII_VS_Consent_SignatureTypes,MII Consent: Signature Types,"Dieses ValueSet enthält die zulässigen Werte für den Signaturtyp im Kontext des MI-I Consent.","StructureDefinition/f675b1e8-9f3f-44e8-bb59-9681f78eb464","hl7.fhir.r4.core"
